name,img_name
Kenneth H. Yu,kenneth-yu_img.jpg
Robert Sidlow,robert-sidlow_img.jpg
Lisa Marie Ruppert,lisa-ruppert_img.jpg
Yukio Sonoda,yukio-sonoda_img.jpg
Marsha Reyngold,marsha-reyngold_img.jpg
Andrea Veronica Barrio,andrea-barrio_img.jpg
Seth M. Cohen,seth-cohen_img.jpg
Sam S. Yoon,sam-yoon_img.jpg
Atif J. Khan,atif-khan_img.jpg
Alexandra S. Heerdt,alexandra-heerdt_img.jpg
William P. Tew,william-tew_img.jpg
Tiffany A. Traina,tiffany-traina_img.jpg
Arlyn J. Apollo,arlyn-apollo_img.jpg
Bianca Santomasso,bianca-santomasso_img.jpg
Mark M. Souweidane,mark-souweidane_img.jpg
Sarat Chandarlapaty,sarat-chandarlapaty_img.jpg
Zoe Goldberg,zoe-goldberg_img.jpg
Sean Matthew McBride,sean-mcbride_img.jpg
Jonathan E. Rosenberg,jonathan-rosenberg_img.jpg
Heather Jolie Landau,heather-landau_img.jpg
Louise Ligresti,louise-ligresti_img.jpg
Loren S. Michel,loren-michel_img.jpg
Renier J. Brentjens,renier-brentjens_img.jpg
Chau T. Dang,chau-dang_img.jpg
Marcel R. M. Van Den Brink,marcel-van-den-brink_img.jpg
Samuel Singer,samuel-singer_img.jpg
S. Machele Donat,s-machele-donat_img.jpg
Mahmoud El-Tamer,mahmoud-el-tamer_img.jpg
Michael P. La Quaglia,michael-la-quaglia_img.jpg
Richard J. Wong,richard-wong_img.jpg
Paul Russo,paul-russo_img.jpg
Martin R. Weiser,martin-weiser_img.jpg
Steven Martin,steven-martin_img.jpg
Paul A. Hamlin,paul-hamlin_img.jpg
Charles L. Sawyers,charles-sawyers_img.jpg
Luc Morris,luc-morris_img.jpg
Gregory J. Riely,gregory-riely_img.jpg
David J. Chung,david-chung_img.jpg
David B. Solit,david-solit_img.jpg
Paul K. Paik,paul-paik_img.jpg
Alexander M. Lesokhin,alexander-lesokhin_img.jpg
Richard Tuli,richard-tuli_img.jpg
Prasad S. Adusumilli,prasad-adusumilli_img.jpg
Charlotte Eielson Ariyan,charlotte-ariyan_img.jpg
James Huang,james-huang_img.jpg
Alice Zervoudakis,alice-zervoudakis_img.jpg
Sandra P. D'Angelo,sandra-d-angelo_img.jpg
Elizabeth Anne Comen,elizabeth-comen_img.jpg
T. Peter Kingham,t-peter-kingham_img.jpg
Aimee Marie Crago,aimee-crago_img.jpg
Marina Shcherba,marina-shcherba_img.jpg
Jae Hong Park,jae-park_img.jpg
Jamie E. Chaft,jamie-chaft_img.jpg
Marjorie Glass Zauderer,marjorie-zauderer_img.jpg
Serena Tsan-Lai Wong,serena-wong_img.jpg
Darren R. Feldman,darren-feldman_img.jpg
Victoria Susana Blinder,victoria-blinder_img.jpg
Geoffrey Yuyat Ku,geoffrey-ku_img.jpg
Matthew J. Matasar,matthew-matasar_img.jpg
Zsofia Kinga Stadler,zsofia-stadler_img.jpg
Karim A. Touijer,karim-touijer_img.jpg
Yu Chen,yu-chen_img.jpg
Mila Gorsky,mila-gorsky_img.jpg
Daniel Costin Danila,daniel-danila_img.jpg
Alan Loh Ho,alan-ho_img.jpg
Ting Bao,ting-bao_img.jpg
Alison J. Moskowitz,alison-moskowitz_img.jpg
Vicky Makker,vicky-makker_img.jpg
Mario E. Lacouture,mario-lacouture_img.jpg
Roisin Eilish O'Cearbhaill,roisin-o-cearbhaill_img.jpg
Oliver Zivanovic,oliver-zivanovic_img.jpg
David Randolph Jones,david-jones_img.jpg
Ping Chi,ping-chi_img.jpg
Michael Ian D'Angelica,michael-d-angelica_img.jpg
Ingo K. Mellinghoff,ingo-mellinghoff_img.jpg
Carol L. Brown,carol-brown_img.jpg
Harry W. Herr,harry-herr_img.jpg
Nai-Kong V. Cheung,nai-kong-cheung_img.jpg
Nancy T. Sklarin,nancy-sklarin_img.jpg
Ellin Berman,ellin-berman_img.jpg
Brian H. Kushner,brian-kushner_img.jpg
Peter T. Scardino,peter-scardino_img.jpg
David A. Scheinberg,david-scheinberg_img.jpg
Kenneth Offit,kenneth-offit_img.jpg
Leonard B. Saltz,leonard-saltz_img.jpg
George Plitas,george-plitas_img.jpg
Monica Morrow,monica-morrow_img.jpg
Avni Mukund Desai,avni-desai_img.jpg
Eytan Stein,eytan-stein_img.jpg
Esperanza Bouza Papadopoulos,esperanza-papadopoulos_img.jpg
David G. Pfister,david-pfister_img.jpg
Valerie W. Rusch,valerie-rusch_img.jpg
Neal Rosen,neal-rosen_img.jpg
Andrew David Zelenetz,andrew-zelenetz_img.jpg
David H. Ilson,david-ilson_img.jpg
Marc Jeffrey Gollub,marc-gollub_img.jpg
Steven M. Larson,steven-larson_img.jpg
Anas Younes,anas-younes_img.jpg
Paul A. Meyers,paul-meyers_img.jpg
Rachel N. Grisham,rachel-grisham_img.jpg
David J. Straus,david-straus_img.jpg
Elena Pentsova,elena-pentsova_img.jpg
Larry Norton,larry-norton_img.jpg
Mark G. Kris,mark-kris_img.jpg
Neil M. Iyengar,neil-iyengar_img.jpg
Howard I. Scher,howard-scher_img.jpg
Nadeem Riaz,nadeem-riaz_img.jpg
William Breitbart,william-breitbart_img.jpg
Dean F. Bajorin,dean-bajorin_img.jpg
Beatriz Korc-Grodzicki,beatriz-korc-grodzicki_img.jpg
Marc Ladanyi,marc-ladanyi_img.jpg
Stuart M. Lichtman,stuart-lichtman_img.jpg
Paul B. Chapman,paul-chapman_img.jpg
Lisa Marie DeAngelis,lisa-deangelis_img.jpg
Martin S. Tallman,martin-tallman_img.jpg
Robert J. Motzer,robert-motzer_img.jpg
James Vincent Fetten,james-fetten_img.jpg
Kara C. Long-Roche,kara-long-roche_img.jpg
Daphna Y. Gelblum,daphna-gelblum_img.jpg
Jose G. Guillem,jose-guillem_img.jpg
Bob T. Li,bob-li_img.jpg
Kimberly J. Van Zee,kimberly-van-zee_img.jpg
Juliana Eng,juliana-eng_img.jpg
Jacob Lowell Glass,jacob-glass_img.jpg
Parisa Momtaz,parisa-momtaz_img.jpg
Alexander Noor Shoushtari,alexander-shoushtari_img.jpg
Lisa Diamond,lisa-diamond_img.jpg
Eli L. Diamond,eli-diamond_img.jpg
Mark Bilsky,mark-bilsky_img.jpg
Leonard H. Wexler,leonard-wexler_img.jpg
Dennis Chi,dennis-chi_img.jpg
Ghassan K. Abou-Alfa,ghassan-abou-alfa_img.jpg
Eric Jeffrey Sherman,eric-sherman_img.jpg
Michael J. Morris,michael-morris_img.jpg
Philip Paty,philip-paty_img.jpg
Jedd D. Wolchok,jedd-wolchok_img.jpg
Miguel-Angel Perales,miguel-angel-perales_img.jpg
Steven Sugarman,steven-sugarman_img.jpg
Han Xiao,han-xiao_img.jpg
Peter George Maslak,peter-maslak_img.jpg
Susan F. Slovin,susan-slovin_img.jpg
Mark E. Robson,mark-robson_img.jpg
Philip Caron,philip-caron_img.jpg
Elizabeth Lin Jewell,elizabeth-jewell_img.jpg
Martee Leigh Hensley,martee-hensley_img.jpg
Carol Aghajanian,carol-aghajanian_img.jpg
Ira J. Dunkel,ira-dunkel_img.jpg
Sergio Giralt,sergio-giralt_img.jpg
Paul Sabbatini,paul-sabbatini_img.jpg
Ariela Noy,ariela-noy_img.jpg
Andrew Michael Intlekofer,andrew-intlekofer_img.jpg
Matthew David Hellmann,matthew-hellmann_img.jpg
Charles M. Rudin,charles-rudin_img.jpg
Kenneth K. Ng,kenneth-ng_img.jpg
Eileen Mary O'Reilly,eileen-o-reilly_img.jpg
Gabriella D'Andrea,gabriella-d-andrea_img.jpg
Pamela Drullinsky,pamela-drullinsky_img.jpg
Komal L. Jhaveri,komal-jhaveri_img.jpg
Carl Ola Landgren,c-landgren_img.jpg
Maria Lia Palomba,m-lia-palomba_img.jpg
Mario M. Leitao,mario-leitao-jr_img.jpg
Julia Lynne Glade Bender,julia-glade-bender_img.jpg
Diane Lauren Reidy,diane-reidy-lagunes_img.jpg
Jesse Joshua Smith,j-smith_img.jpg
Sree Bhavani Chalasani,sre-bhavani-chalasani_img.jpg
David Paul Kelsen,david-paul-kelsen_img.jpg
Linda T. Vahda,linda-vahdat_img.jpg
Mary Susan Brady,mary-sue-brady_img.jpg
Wanqing Iris Zhi,iris-zhi_img.jpg
William R. Jarnagin,smile_face_img.jpg
Mortimer J. Lacher,smile_face_img.jpg
Gregory Raskin,smile_face_img.jpg
Guenther Koehne,smile_face_img.jpg
John Paul Diaz,smile_face_img.jpg
Isidore Tepler,smile_face_img.jpg
Peter Bach,smile_face_img.jpg
Naifa Lamki Busaidy,naifa_busaidy_img.jpg
Benjamin D. Smith,benjamin_smith_img.jpg
Issa F. Khouri,issa_khouri_img.jpg
Elizabeth Ann Wagar,elizabeth_wagar_img.jpg
Phillip Andrew Futreal,smile_face_img.jpg
David R. Fogelman,david_fogelman_img.jpg
Dejka M. Araujo,dejka_steinert_araujo_img.jpg
Apostolia Maria Tsimberidou,apostolia_tsimberidou_img.jpg
Sheeba K. Thomas,sheeba_thomas_img.jpg
Maria E. Cabanillas,maria_cabanillas_img.jpg
Ravi Murthy,ravi_murthy_img.jpg
Amir A. Jazaeri,amir_jazaeri_img.jpg
Paula A. Lewis-Patterson,smile_face_img.jpg
Michael Paul Kim,michael_kim_img.jpg
Pamela T. Soliman,pamela_soliman_img.jpg
David S. Hong,david_hong_img.jpg
Bryan K. Kee,bryan_kee_img.jpg
Amado J. Zurita,amado_zurita-saavedra_img.jpg
John C. Araujo,john_araujo_img.jpg
Ashish M. Kamat,ashish_kamat_img.jpg
Jennifer J. Wheler,smile_face_img.jpg
Michael J. Pishvaian,michael_pishvaian_img.jpg
Michael J. Overman,michael_overman_img.jpg
Jeffrey J. Molldrem,jeffrey_molldrem_img.jpg
Joseph Anthony Arthur,joseph_arthur_img.jpg
Scott Kopetz,e_kopetz_img.jpg
Cesar Nunez,cesar_nunez_img.jpg
Barry W. Feig,barry_feig_img.jpg
Alessandra Ferrajoli,alessandra_ferrajoli_img.jpg
Arlene O. Siefker-Radtke,arlene_siefker-radtke_img.jpg
Uday R. Popat,uday_popat_img.jpg
Matthew T. Ballo,smile_face_img.jpg
Muzaffar H. Qazilbash,muzaffar_qazilbash_img.jpg
Anthony Lucci,anthony_lucci_img.jpg
Funda Meric-Bernstam,funda_meric-bernstam_img.jpg
George H. Perkins,george_perkins_img.jpg
Sharon H. Giordano,sharon_giordano_img.jpg
Partow Kebriaei,partow_kebriaei_img.jpg
Anne S. Tsao,anne_tsao_img.jpg
Ana Aparicio,ana_aparicio_img.jpg
Christopher G. Wood,christopher_wood_img.jpg
Lois M. Ramondetta,lois_ramondetta_img.jpg
Thein H. O,thein_oo_img.jpg
Elise D. Cook,elise_cook_img.jpg
William G. Wierda,william_wierda_img.jpg
Swaminathan Padmanabhan Iyer,swaminathan_iyer_img.jpg
Jessica Hwang,jessica_hwang_img.jpg
Prajnan Das,prajnan_das_img.jpg
Ann M. Gillenwater,ann_gillenwater_img.jpg
Mark Steven Chambers,mark_chambers_img.jpg
Thomas A. Aloia,thomas_aloia_img.jpg
Mediget Teshome,mediget_teshome_img.jpg
Celyne Bueno-Hume,celyne_buenohume_img.jpg
Beverly Ashleigh Guadagnolo,beverly_ashleigh_guadagnolo_img.jpg
John Frederick De Groot,smile_face_img.jpg
Marina Konopleva,marina_konopleva_img.jpg
Don Lynn Gibbons,don_gibbons_img.jpg
Frederick F. Lang,frederick_lang_img.jpg
Colin P.N. Dinney,colin_dinney_img.jpg
Sunil Mohan Patel,smile_face_img.jpg
Stephen Yenzen Lai,stephen_lai_img.jpg
Brian D. Badgwell,brian_badgwell_img.jpg
Larissa Meyer,larissa_meyer_img.jpg
Eduardo Vilar Sanchez,eduardo_vilarsanchez_img.jpg
Sarina Anne Piha-Paul,sarina_piha-paul_img.jpg
Janet Chen Tu,janet_tu_img.jpg
Anthony Paul Conley,anthony_conley_img.jpg
Paul Gettys Corn,paul_corn_img.jpg
Y. Nancy You,smile_face_img.jpg
Gabriel Lopez,gabriel_lopez_img.jpg
Mariana Chavez-MacGregor,mariana_chavezmacgregor_img.jpg
Sapna Pradyuman Patel,sapna_patel_img.jpg
Elisabet Esteve Manasanch,elisabet_manasanch_img.jpg
Naval Guastad Daver,naval_daver_img.jpg
Adi Diab,adi_diab_img.jpg
Nikesh Jasani,smile_face_img.jpg
Neeta Somaiah,neeta_somaiah_img.jpg
Isabelle Bedrosian,isabelle_bedrosian_img.jpg
Craig A. Kovitz,craig_kovitz_img.jpg
Kathleen M. Schmeler,kathleen_schmeler_img.jpg
Elias Jabbour,elias_jabbour_img.jpg
Joseph Aloysius Ludwig,joseph_ludwig_img.jpg
Ahmed Omar Kaseb,ahmed_kaseb_img.jpg
Nathan Hale Fowler,nathan_fowler_img.jpg
Valerie Klairisa Reed,valerie_reed_img.jpg
George J. Chang,george_chang_img.jpg
Ferdinandos Skoulidis,ferdinandos_skoulidis_img.jpg
Therese Bartholomew Bevers,therese_bevers_img.jpg
Amy B. Heimberger,amy_heimberger_img.jpg
Steven I. Sherman,steven_sherman_img.jpg
Kimberly Higginbotham Koenig,kimberly_higginbothamkoenig_img.jpg
Michael Elliot Kupferman,michael_kupferman_img.jpg
Stefan O. Ciurea,stefan_o_ciurea_img.jpg
Jan Andreas Burger,jan_burger_img.jpg
Jennifer Keating Litton,jennifer_litton_img.jpg
Alyssa G. Rieber,alyssa_rieber_img.jpg
Vinod Ravi,vinod_ravi_img.jpg
Hussein Abdul-Hassan Tawbi,smile_face_img.jpg
Rachel M. Layman,rachel_layman_img.jpg
Sriram Yennu,sriram_yennu_img.jpg
Karen E. Hoffman,karen_hoffman_img.jpg
Banu Arun,banu_arun_img.jpg
Joe Y. Chang,joe_chang_img.jpg
Gabriel N. Hortobagyi,gabriel_n_hortobagyi_img.jpg
James William Welsh,james_welsh_img.jpg
Donna S. Zhukovsky,donna_zhukovsky_img.jpg
Patricia Troncoso,patricia_troncoso_img.jpg
Kim-Anh Do,kim-anh_do_img.jpg
Victor Gerardo Prieto,victor_prieto_img.jpg
Renata Ferrarotto,renata_ferrarotto_img.jpg
Matthew T Campbell,matthew_campbell_img.jpg
Shreyaskumar Patel,shreyaskumar_patel_img.jpg
John Paul Y.C. Shen,johnpaul_shen_img.jpg
Yesid Alvarado,yesid_alvarado_img.jpg
Cullen M. Taniguchi,cullen_taniguchi_img.jpg
Frank V. Fossella,frank_fossella_img.jpg
George Wilding,george_wilding_img.jpg
Quynh Nguyen,quynh_nguyen_img.jpg
Sean Eric Mcguire,sean_mcguire_img.jpg
Krina K. Patel,krina_patel_img.jpg
Stephen M. Hahn,stephen_hahn_img.jpg
Miguel A. Rodriguez-Bigas,miguel_rodriguez-bigas_img.jpg
Paul F. Mansfield,paul_mansfield_img.jpg
John Michael Skibber,john_skibber_img.jpg
Kenneth V. I. Rolston,smile_face_img.jpg
David Ira Rosenthal,david_rosenthal_img.jpg
Michael Robert Migden,michael_migden_img.jpg
Vicente Valero,vicente_valero_img.jpg
Nizar M. Tannir,nizar_tannir_img.jpg
Jeffrey Myers,jeffrey_myers_img.jpg
Gabriel Lopez-Berestein,gabriel_lopez-berestein_img.jpg
Ignacio Ivan Wistuba,ignacio_wistuba_img.jpg
Christopher Logothetis,christopher_logothetis_img.jpg
Robert C. Bast,robert_bast_img.jpg
Fredrick B. Hagemeister,fredrick_hagemeister_img.jpg
Nitin Jain,nitin_jain_img.jpg
Nicole D. Fleming,nicole_fleming_img.jpg
Matthew H. G. Katz,matthew_katz_img.jpg
Richard E. Champlin,richard_champlin_img.jpg
Daniel D. Karp,daniel_karp_img.jpg
Jaffer A. Ajani,smile_face_img.jpg
Jack A. Roth,jack_roth_img.jpg
Bonnie S. Glisson,bonnie_glisson_img.jpg
Eduardo Bruera,eduardo_bruera_img.jpg
Hagop M. Kantarjian,hagop_kantarjian_img.jpg
Ann Klopp,ann_klopp_img.jpg
Patricia J. Eifel,patricia_eifel_img.jpg
Alexander J. Lazar,alexander_lazar_img.jpg
Maria Alma Rodriguez,alma_rodriguez_img.jpg
Vivek Subbiah,vivek_subbiah_img.jpg
W. K. Alfred Yung,smile_face_img.jpg
Elizabeth J. Shpall,elizabeth_shpall_img.jpg
Saroj Vadhan-Raj,smile_face_img.jpg
Debu Tripathy,smile_face_img.jpg
Shi-Ming Tu,shi-ming_tu_img.jpg
Michael Wang,luhua_michael_wang_img.jpg
Carmelita P. Escalante,carmelita_escalante_img.jpg
Henry Mark Kuerer,henry_kuerer_img.jpg
Surendra Srinivas Shastri,smile_face_img.jpg
Charles F. Levenback,charles_levenback_img.jpg
Michael A. Curran,michael_curran_img.jpg
Marina C. George,marina_c_george_img.jpg
Guillermo Garcia-Manero,guillermo_garcia-manero_img.jpg
Anita Kuo Ying,anita_ying_img.jpg
Borje Andersson,borje_andersson_img.jpg
Joanna-Grace Mayo Manzano,joanna-grace_manzano_img.jpg
Najat C. Daw,najat_dawbitar_img.jpg
Milind M. Javle,milind_javle_img.jpg
Powel Brown,powel_brown_img.jpg
Farhad Ravandi,farhad_ravandi-kashani_img.jpg
Ellen F. Manzullo,ellen_manzullo_img.jpg
Srdan Verstovsek,srdan_verstovsek_img.jpg
Sattva Swarup Neelapu,sattva_neelapu_img.jpg
Diane C. Bodurka,diane_bodurka_img.jpg
James C. Yao,james_yao_img.jpg
Bagi RP Jana,smile_face_img.jpg
Charles Lu,charles_lu_img.jpg
Abenaa M. Brewster,abenaa_brewster_img.jpg
Douglas A. Nelson,douglas_nelson_img.jpg
Jeffrey E. Gershenwald,jeffrey_gershenwald_img.jpg
Ramona Dadu,ramona_dadu_img.jpg
Patrick Hwu,patrick_hwu_img.jpg
Ronald Anthony DePinho,ronald_depinho_img.jpg
Kelly Hunt,kelly_hunt_img.jpg
Renato Lenzi,renato_lenzi_img.jpg
Frank Mott,frank_mott_img.jpg
L. Arlene Nazario,l.arlene_nazario_img.jpg
Nuhad K. Ibrahim,nuhad_ibrahim_img.jpg
Imad Shureiqi,imad_shureiqi_img.jpg
Paolo Anderlini,paolo_anderlini_img.jpg
Daniel E. Epner,daniel_e_epner_img.jpg
Senthil Damodaran,senthil_damodaran_img.jpg
Luis Fayad,luis_fayad_img.jpg
Naoto T. Ueno,naoto_ueno_img.jpg
Daniel M. Halperin,daniel_halperin_img.jpg
George R. Simon,george_simon_img.jpg
Robert Z. Orlowski,robert_orlowski_img.jpg
Catherine Liebig Akay,catherine_akay_img.jpg
Ernest Hawk,ernest_hawk_img.jpg
Stephen Swisher,stephen_swisher_img.jpg
Cynthia E. Herzog,cynthia_herzog_img.jpg
Felipe Samaniego,felipe_samaniego_img.jpg
Robert L. Coleman,robert_coleman_img.jpg
Yago Nieto,yago_nieto_img.jpg
Phat Le,phat_le_img.jpg
Richard Eldon Royal,smile_face_img.jpg
Wilson I. Gonsalves,wilson_gonsalves_img.jpg
Tanios S. Bekaii-Saab,tanios_bekaii-saab_img.jpg
Paul Galardy,paul_galardy_img.jpg
Tait D. Shanafelt,smile_face_img.jpg
Michele Y. Halyard,michele_halyard_img.jpg
Robert R. McWilliams,robert_mcwilliams_img.jpg
Sameer R. Keole,sameer_keole_img.jpg
James M. Foran,james_foran_img.jpg
Kebede Begna,kebede_begna_img.jpg
Amanika Kumar,amanika_kumar_img.jpg
Emmanuel M. Gabriel,emmanuel_gabriel_img.jpg
Sandeep Basu,sandeep_basu_img.jpg
Minetta C. Liu,minetta_liu_img.jpg
Paul D. Brown,paul_brown_img.jpg
Suzanne R. Hayman,suzanne_hayman_img.jpg
Matthew P. Goetz,matthew_goetz_img.jpg
Shaji Kumar,shaji_kumar_img.jpg
Winston Tan,winston_tan_img.jpg
Grzegorz S. Nowakowski,grzegorz_nowakowski_img.jpg
Amy C. Degnim,amy_degnim_img.jpg
Stephan Thome,stephan_thome_img.jpg
Lewis R. Roberts,lewis_roberts_img.jpg
Mahesh Seetharam,mahesh_seetharam_img.jpg
Kostandinos Sideras,kostandinos_sideras_img.jpg
Aref Al-Kali,aref_al-kali_img.jpg
Alvaro Pena,alvaro_pena_img.jpg
Harry H. Yoon,harry_yoon_img.jpg
Saranya Chumsri,saranya_chumsri_img.jpg
Steven Attia,steven_attia_img.jpg
Wen Wee Ma,wen_ma_img.jpg
Barbara A. Pockaj,barbara_pockaj_img.jpg
Paula Gill,paula_gill_img.jpg
Tufia C. Haddad,tufia_haddad_img.jpg
Carrie A. Thompson,carrie_thompson_img.jpg
Alvaro Moreno-Aspitia,alvaro_moreno-aspitia_img.jpg
Joon H. Uhm,joon_uhm_img.jpg
Morie A. Gertz,morie_gertz_img.jpg
Stephen M. Ansell,stephen_ansell_img.jpg
Lance C. Pagliaro,lance_pagliaro_img.jpg
Fergus Couch,fergus_couch_img.jpg
Donald W. Northfelt,donald_northfelt_img.jpg
Henry C. Pitot,henry_pitot_img.jpg
Thomas Matthew Habermann,thomas_habermann_img.jpg
Tina J. Hieken,tina_hieken_img.jpg
Sani Haider Kizilbash,sani_kizilbash_img.jpg
Carola A. S. Arndt,carola_arndt_img.jpg
Thomas E. Witzig,thomas_witzig_img.jpg
Edith A. Perez,edith_perez_img.jpg
Gerardo Colon-Otero,gerardo_colon-otero_img.jpg
Jan C. Buckner,jan_buckner_img.jpg
Charles L. Loprinzi,charles_loprinzi_img.jpg
Judith Salmon Kaur,judith_kaur_img.jpg
Timothy Call,timothy_call_img.jpg
Aminah Jatoi,aminah_jatoi_img.jpg
Kevin C. Halling,kevin_halling_img.jpg
Frank A. Sinicrope,frank_sinicrope_img.jpg
Vivek Roy,vivek_roy_img.jpg
Ronald S. Go,ronald_go_img.jpg
Scott A. Soefje,scott_soefje_img.jpg
Gita Thanarajasingam,gita_thanarajasingam_img.jpg
Randolph Marks,randolph_marks_img.jpg
Martha Lacy,martha_lacy_img.jpg
Fernando Quevedo,fernando_quevedo_img.jpg
Michael G. Haddock,michael_haddock_img.jpg
S. Vincent Rajkumar,s_vincent_rajkumar_img.jpg
Scott H. Okuno,scott_okuno_img.jpg
Evanthia Galanis,evanthia_galanis_img.jpg
Michelle A. Elliott,michelle_elliott_img.jpg
Angela Dispenzieri,angela_dispenzieri_img.jpg
Steven R Alberts,steven_alberts_img.jpg
George P. Canellos,george_canellos_img.jpg
Christopher S. Lathan,christopher_lathan_img.jpg
Noopur S. Raje,noopur_raje_img.jpg
Jennifer W. Mack,jennifer_mack_img.jpg
Alan D. D'Andrea,alan_d_andrea_img.jpg
Katherine A. Janeway,katherine_janeway_img.jpg
Tracy A. Balboni,tracy_balboni_img.jpg
Michael J. Hassett,michael_hassett_img.jpg
Andrew J. Wagner,andrew_wagner_img.jpg
Nancy U. Lin,nancy_lin_img.jpg
Rinaa S. Punglia,rinaa_punglia_img.jpg
Patrick Y. Wen,patrick_wen_img.jpg
Jiping Wang,jiping_wang_img.jpg
Eric S. Winer,eric_winer_img.jpg
Erica L. Mayer,erica_mayer_img.jpg
Susan T. Schumer,susan_schumer_img.jpg
Ravindra Uppaluri,ravindra_uppaluri_img.jpg
Jeffrey A. Meyerhardt,jeffrey_meyerhardt_img.jpg
Ian E. Krop,ian_krop_img.jpg
Julia S. Wong,julia_wong_img.jpg
Jeffrey A. Morgan,jeffrey_morgan_img.jpg
Daniel J. DeAngelo,daniel_deangelo_img.jpg
Annick D. Van Den Abbeele,annick_van_den_abbeele_img.jpg
Nicole R. LeBoeuf,nicole_leboeuf_img.jpg
Humberto A. Rossi,humberto_rossi_img.jpg
Jennifer A. Chan,jennifer_chan_img.jpg
Toni K. Choueiri,toni_choueiri_img.jpg
Sarah K. May,sarah_may_img.jpg
Rachel A. Freedman,rachel_freedman_img.jpg
Otto Metzger,otto_metzger_img.jpg
Eudocia Quant Lee,smile_face_img.jpg
Paul L. Nguyen,paul_nguyen_img.jpg
Kimberly Perez,kimberly_perez_img.jpg
Darren M. Evanchuk,darren_evanchuk_img.jpg
David E. Kozono,david_kozono_img.jpg
Alexi A. Wright,alexi_wright_img.jpg
Brian Michael Alexander,brian_alexander_img.jpg
Steven G. DuBois,steven_dubois_img.jpg
Elizabeth A. Mittendorf,elizabeth_mittendorf_img.jpg
Laurie H. Glimcher,laurie_glimcher_img.jpg
Nadine Jackson McCleary,nadine_mccleary_img.jpg
Mark Pomerantz,mark_pomerantz_img.jpg
Rizwan Haq,rizwan_haq_img.jpg
Gregory A. Abel,gregory_abel_img.jpg
Rinath Jeselsohn,rinath_jeselsohn_img.jpg
Philippe Armand,philippe_armand_img.jpg
Brian M. Wolpin,brian_wolpin_img.jpg
Sara M. Tolaney,sara_tolaney_img.jpg
Kimmie Ng,kimmie_ng_img.jpg
Panagiotis A. Konstantinopoulos,panagiotis_konstantinopoulos_img.jpg
Jennifer A. Ligibel,jennifer_ligibel_img.jpg
Carolyn N. Krasner,carolyn_krasner_img.jpg
Stephen E. Sallan,stephen_sallan_img.jpg
Guru Sonpavde,guru_sonpavde_img.jpg
Ann W. Silk,ann_silk_img.jpg
Lisa Diller,lisa_diller_img.jpg
Mary-Ellen Taplin,mary-ellen_taplin_img.jpg
Paul G. Richardson,paul_richardson_img.jpg
Geoffrey Shapiro,geoffrey_shapiro_img.jpg
Judy Ellen Garber,judy_garber_img.jpg
Arnold Freedman,arnold_freedman_img.jpg
David A. Reardon,david_reardon_img.jpg
Matthew B. Yurgelun,matthew_yurgelun_img.jpg
Andrew E. Place,andrew_place_img.jpg
Douglas Adam Rubinson,douglas_rubinson_img.jpg
Eric P. Winer,eric_p_winer_img.jpg
Joseph O. Jacobson,joseph_jacobson_img.jpg
Richard M. Stone,richard_stone_img.jpg
George D. Demetri,george_demetri_img.jpg
Matthew Meyerson,matthew_meyerson_img.jpg
Keith L. Ligon,keith_ligon_img.jpg
Bruce E. Johnson,bruce_johnson_img.jpg
James D. Griffin,james_griffin_img.jpg
Benjamin L. Schlechter,benjamin_schlechter_img.jpg
Gerard M. Doherty,gerard_doherty_img.jpg
Brittany L. Bychkovsky,brittany_bychkovsky_img.jpg
Susana M. Campos,susana_campos_img.jpg
Harold J. Burstein,harold_burstein_img.jpg
Robert I. Haddad,robert_haddad_img.jpg
Suzanne George,suzanne_george_img.jpg
Suzanne Shusterman,suzanne_shusterman_img.jpg
Ann H. Partridge,ann_partridge_img.jpg
Michael Constantine,michael_constantine_img.jpg
Harvey J. Mamon,harvey_mamon_img.jpg
Pasi A. Janne,pasi_janne_img.jpg
Craig A. Bunnell,craig_bunnell_img.jpg
Lewis B. Silverman,lewis_silverman_img.jpg
Jerome Ritz,jerome_ritz_img.jpg
David P. Steensma,david_steensma_img.jpg
Gordon J. Freeman,gordon_freeman_img.jpg
Daphne A. Haas-Kogan,daphne_haas-kogan_img.jpg
Edwin Alyea,edwin_alyea_img.jpg
Pedro Sanz-Altamira,pedro_sanz-altamira_img.jpg
Mark M. Awad,mark_awad_img.jpg
Joanne Wolfe,joanne_wolfe_img.jpg
Steven P. Treon,steven_treon_img.jpg
Christopher Sweeney,christopher_sweeney_img.jpg
F. Stephen Hodi,f_stephen_hodi_img.jpg
Deborah Schrag,deborah_schrag_img.jpg
Wendy Y. Chen,wendy_chen_img.jpg
Peter C. Enzinger,peter_enzinger_img.jpg
Michael Nathenson,michael_nathenson_img.jpg
Beth Overmoyer,beth_overmoyer_img.jpg
Ursula A. Matulonis,ursula_matulonis_img.jpg
Richard J. Gralla,richard_gralla_img.jpg
Diogo Bugano Diniz Gomes,diogo_bugano_diniz_gomes_img.jpg
Claudia M. Dourado,claudia_dourado_img.jpg
Fernando Moura,fernando_moura_img.jpg
Vladimir Galvão Aguiar,smile_face_img.jpg
Oren Smaletz,smile_face_img.jpg
Haiying Cheng,haiying_cheng_img.jpg
Heloisa Veasey Rodrigues,smile_face_img.jpg
Joseph A. Sparano,joseph_sparano_img.jpg
Stuart H. Packer,stuart_packer_img.jpg
Aditi Shastri,aditi_shastri_img.jpg
Fabio Pires De Souza Santos,fabio_pires_de_souza_santos_img.jpg
Evan Hersh,smile_face_img.jpg
Alan Langerak,alan_langerak_img.jpg
Scott Tannehill,scott_tannehill_img.jpg
Abhimanyu Ghose,abhimanyu_ghose_img.jpg
Steven E. Schild,steven_schild_img.jpg
Karen S. Anderson,karen_anderson_img.jpg
Mike Janicek,mike_janicek_img.jpg
Mitesh J. Borad,mitesh_borad_img.jpg
Daniel Oscar Persky,daniel_persky_img.jpg
Cassandra N. Moore,cassandra_moore_img.jpg
Julie E. Bauman,julie_bauman_img.jpg
Jue Wang,jue_wang_img.jpg
Chenthilmurugan Rathnasabapathy,chenthilmurugan_rathnasabapathy_img.jpg
Mazen Khattab,mazen_khattab_img.jpg
Rachna T. Shroff,rachna_shroff_img.jpg
William Wong,william_wong_img.jpg
Brendan F. Curley,brendan_curley_img.jpg
Joseph Buscema,joseph_buscema_img.jpg
Pavani Chalasani,pavani_chalasani_img.jpg
Raymond Taetle,raymond_taetle_img.jpg
Setsuko K. Chambers,setsuko_chambers_img.jpg
Baldassarre Stea,baldassarre_stea_img.jpg
Helen J. Ross,helen_ross_img.jpg
Manuel R. Modiano,manuel_modiano_img.jpg
Wishwdeep S. Dhillon,wishwdeep_dhillon_img.jpg
Devinder Singh,devinder_singh_img.jpg
Shaachi Gupta,shaachi_gupta_img.jpg
Clarence Sarkodee Adoo,clarence_adoo_img.jpg
Rafael Fonseca,rafael_fonseca_img.jpg
Bradley J. Monk,bradley_monk_img.jpg
Paula Silverman,paula_silverman_img.jpg
Stanton L. Gerson,stanton_gerson_img.jpg
Mitchell Machtay,mitchell_machtay_img.jpg
Marcos J.G. De Lima,marcos_j.g._de_lima_img.jpg
Afshin Dowlati,afshin_dowlati_img.jpg
Lois J. Teston,lois_teston_img.jpg
Andrew E. Sloan,andrew_sloan_img.jpg
Rui Amaral Mendes,rui_mendes_img.jpg
Rafael Perez,smile_face_img.jpg
Richard T. Lee,richard_lee_img.jpg
Paolo Fabrizio Caimi,paolo_caimi_img.jpg
John P. Fruehauf,john_fruehauf_img.jpg
Sai-Hong Ignatius Ou,sai-hong_ou_img.jpg
Cary A. Presant,cary_presant_img.jpg
Jana Portnow,jana_portnow_img.jpg
Jasmine M. Zain,jasmine_zain_img.jpg
Lily L. Lai,lily_lai_img.jpg
Marwan Fakih,marwan_fakih_img.jpg
Gargi H. Upadhyaya,gargi_upadhyaya_img.jpg
Andrew S. Artz,andrew_artz_img.jpg
Karen L. Reckamp,karen_reckamp_img.jpg
Misagh Karimi,misagh_karimi_img.jpg
Vijay Trisal,vijay_trisal_img.jpg
Tanyanika Phillips,tanyanika_phillips_img.jpg
Erminia Massarelli,erminia_massarelli_img.jpg
Ajay Goel,ajay_goel_img.jpg
Vincent Chung,vincent_chung_img.jpg
Tanya B. Dorff,tanya_dorff_img.jpg
Veronica Jones,veronica_jones_img.jpg
Sumanta K. Pal,sumanta_pal_img.jpg
Yuan Yuan,yuan_yuan_img.jpg
Laura Kruper,laura_kruper_img.jpg
Joseph Chao,joseph_chao_img.jpg
Samuel Chung,samuel_chung_img.jpg
Amrita Y. Krishnan,amrita_krishnan_img.jpg
Howard West,howard_west_img.jpg
Stephen J. Forman,stephen_forman_img.jpg
Ravi Salgia,ravi_salgia_img.jpg
Naveen Gupta,naveen_gupta_img.jpg
Bharat N. Nathwani,bharat_nathwani_img.jpg
Steven T. Rosen,steven_rosen_img.jpg
Jeffrey Y.C. Wong,jeffrey_wong_img.jpg
Auayporn Nademanee,auayporn_nademanee_img.jpg
Linda D. Bosserman,linda_bosserman_img.jpg
Dean Lim,dean_lim_img.jpg
Warren Allen Chow,smile_face_img.jpg
Judith K. Sato,judith_sato_img.jpg
Joseph Rosenthal,joseph_rosenthal_img.jpg
Kelly Khai Li Yap,smile_face_img.jpg
Lorna Rodriguez-Rodriguez,lorna_rodriguez-rodriguez_img.jpg
Mina S. Sedrak,mina_sedrak_img.jpg
Gregory Idos,gregory_idos_img.jpg
Leslie Popplewell,leslie_popplewell_img.jpg
Lisa Yee,lisa_yee_img.jpg
Jeffrey N. Weitzel,jeffrey_weitzel_img.jpg
Eduardo Siccion,smile_face_img.jpg
James L. Abbruzzese,james_abbruzzese_img.jpg
William R. Berry,william_berry_img.jpg
Tian Zhang,tian_zhang_img.jpg
Jeffrey R. Gingrich,jeffrey_gingrich_img.jpg
Melanie B. Thomas,melanie_thomas_img.jpg
Steven R. Patierno,steven_patierno_img.jpg
Yousuf Zafar,yousuf_zafar_img.jpg
Elias Obeid,elias_obeid_img.jpg
Elizabeth R. Plimack,elizabeth_plimack_img.jpg
Christina Chu,christina_chu_img.jpg
Crystal S. Denlinger,crystal_denlinger_img.jpg
Jeffrey M. Farma,jeffrey_farma_img.jpg
Michael J. Hall,michael_hall_img.jpg
Richard J. Bleicher,richard_bleicher_img.jpg
Hossein Borghaei,hossein_borghaei_img.jpg
Anthony J. Olszanski,anthony_olszanski_img.jpg
Henry C. Fung,henry_fung_img.jpg
Margaret von Mehren,margaret_mehren_img.jpg
Namrata Vijayvergia,namrata_vijayvergia_img.jpg
Martin Edelman,martin_edelman_img.jpg
Dwight D. Kloth,smile_face_img.jpg
Michael Styler,michael_styler_img.jpg
John A. Ridge,john_ridge_img.jpg
Daniel M. Geynisman,daniel_geynisman_img.jpg
Jennifer S. Winn,jennifer_winn_img.jpg
Yanis Boumber,yanis_boumber_img.jpg
Elin R. Sigurdson,elin_sigurdson_img.jpg
Lori J. Goldstein,lori_goldstein_img.jpg
Stephen C. Rubin,stephen_rubin_img.jpg
Efrat Dotan,efrat_dotan_img.jpg
Robert D. Warren,robert_warren_img.jpg
Nancy Ann Dawson,nancy_dawson_img.jpg
Michael B. Atkins,michael_atkins_img.jpg
Claudine Isaacs,claudine_isaacs_img.jpg
John Marshall,john_marshall_img.jpg
Paula Raffin Pohlmann,paula_pohlmann_img.jpg
Siwen Hu-Lieskovan,siwen_hu-lieskovan_img.jpg
Wallace L. Akerley,wallace_akerley_img.jpg
Saundra S. Buys,saundra_buys_img.jpg
John R. Weis,john_weis_img.jpg
Dennis C. Shrieve,dennis_shrieve_img.jpg
Banu Symington,banu_symington_img.jpg
Paul J. Shami,paul_shami_img.jpg
Courtney L. Scaife,courtney_scaife_img.jpg
Neli Ulrich,neli_ulrich_img.jpg
Djordje Atanackovic,djordje_atanackovic_img.jpg
Heloisa P. Soares,heloisa_soares_img.jpg
Neeraj Agarwal,neeraj_agarwal_img.jpg
Howard Colman,howard_colman_img.jpg
Tomasz M. Beer,tomasz_beer_img.jpg
Christopher W. Ryan,christopher_ryan_img.jpg
Jacqueline Vuky,jacqueline_vuky_img.jpg
Skye C. Mayo,skye_mayo_img.jpg
Douglas Yee,douglas_yee_img.jpg
Ann Mauer,ann_mauer_img.jpg
Mebea Aklilu,mebea_aklilu_img.jpg
Vickie Massey,vickie_massey_img.jpg
Asit K. Paul,asit_paul_img.jpg
Khalid Matin,khalid_matin_img.jpg
Solmaz Sahebjam,solmaz_sahebjam_img.jpg
Vani Nath Simmons,vani_simmons_img.jpg
Smitha Pabbathi,smitha_pabbathi_img.jpg
Taiga Nishihori,taiga_nishihori_img.jpg
Ahmad A. Tarhini,ahmad_tarhini_img.jpg
Jonathan R. Strosberg,jonathan_strosberg_img.jpg
Rachid C. Baz,rachid_baz_img.jpg
Jason B. Fleming,jason_fleming_img.jpg
Richard D. Kim,richard_kim_img.jpg
Hung T. Khong,hung_khong_img.jpg
Jimmy J. Caudell,smile_face_img.jpg
Hyo S. Han,hyo_han_img.jpg
Roohi Ismail-Khan,roohi_ismail-khan_img.jpg
Marco L. Davila,marco_davila_img.jpg
Sarah E. Hoffe,sarah_hoffe_img.jpg
Lubomir Sokol,lubomir_sokol_img.jpg
Mihaela Druta,mihaela_druta_img.jpg
Amod Sarnaik,amod_sarnaik_img.jpg
Loretta S. Loftus,loretta_loftus_img.jpg
Alan F. List,alan_list_img.jpg
Ben C. Creelan,ben_creelan_img.jpg
Vernon K. Sondak,vernon_sondak_img.jpg
Howard L. McLeod,howard_mcleod_img.jpg
Martine Extermann,martine_extermann_img.jpg
W. Michael Alberts,w_michael_alberts_img.jpg
Brian J. Czerniecki,brian_czerniecki_img.jpg
Alberto Chiappori,alberto_chiappori_img.jpg
Jeffrey E. Lancet,jeffrey_lancet_img.jpg
Damian A. Laber,damian_laber_img.jpg
Hayder Saeed,hayder_saeed_img.jpg
Nikhil I. Khushalani,nikhil_khushalani_img.jpg
Jingsong Zhang,jingsong_zhang_img.jpg
Felipe G. Gercovich,smile_face_img.jpg
Loren K. Mell,loren_mell_img.jpg
Melissa M. Moore,melissa_moore_img.jpg
Susan G. Moore,susan_moore_img.jpg
Annette M. Moore,annette_moore_img.jpg
Gregory A. Daniels,gregory_daniels_img.jpg
James C. Moore,smile_face_img.jpg
Anne Moore,smile_face_img.jpg
Andrew M. Lowy,andrew_lowy_img.jpg
Sandip Pravin Patel,sandip_patel_img.jpg
Ernesto Gil Deza,smile_face_img.jpg
Carolyn M. Mulroney,carolyn_mulroney_img.jpg
Frederick E. Millard,frederick_millard_img.jpg
Barbara A. Parker,barbara_parker_img.jpg
Kathleen N. Moore,kathleen_moore_img.jpg
Elaine Morgan,smile_face_img.jpg
Hidayatullah G. Munshi,hidayatullah_munshi_img.jpg
David Walterhouse,david_walterhouse_img.jpg
Elizabeth A. Griffiths,elizabeth_griffiths_img.jpg
Francisco J. Hernandez-Ilizaliturri,francisco_hernandez-ilizaliturri_img.jpg
Kazuaki Takabe,kazuaki_takabe_img.jpg
Todd L. Demmy,todd_demmy_img.jpg
Grace K. Dy,grace_dy_img.jpg
Hongbin Chen,hongbin_chen_img.jpg
Tracey L. O'Connor,tracey_o_connor_img.jpg
Igor Puzanov,igor_puzanov_img.jpg
Renuka V. Iyer,renuka_iyer_img.jpg
Boris W. Kuvshinoff,boris_kuvshinoff_img.jpg
Eunice S. Wang,eunice_wang_img.jpg
Christos Fountzilas,christos_fountzilas_img.jpg
Steven N. Hochwald,steven_hochwald_img.jpg
Fumito Ito,fumito_ito_img.jpg
Philip L. McCarthy,philip_mccarthy_img.jpg
Roderich E. Schwarz,roderich_schwarz_img.jpg
Maureen Ross,maureen_ross_img.jpg
Candace S. Johnson,candace_johnson_img.jpg
Kelvin Lee,kelvin_lee_img.jpg
Ellis Glenn Levine,ellis_levine_img.jpg
Stephen B. Edge,stephen_edge_img.jpg
Marc S. Ernstoff,marc_ernstoff_img.jpg
Emese Zsiros,emese_zsiros_img.jpg
Willie Underwood,willie_underwood_img.jpg
Amy P. Early,amy_early_img.jpg
Usha Malhotra,usha_malhotra_img.jpg
Sabin B. Motwani,sabin_motwani_img.jpg
Shridar Ganesan,shridar_ganesan_img.jpg
Peter D. Cole,peter_cole_img.jpg
Aliza L. Leiser,aliza_leiser_img.jpg
Isaac Yi Kim,isaac_kim_img.jpg
Biren Saraiya,biren_saraiya_img.jpg
Coral Oghenerukevwe Omene,coral_omene_img.jpg
Salma K. Jabbour,salma_jabbour_img.jpg
Melissa Wilson,melissa_wilson_img.jpg
Daniel P. Silver,daniel_silver_img.jpg
Antonio C. Wolff,antonio_wolff_img.jpg
Emmanuel S. Antonarakis,emmanuel_antonarakis_img.jpg
Jean H. Hoffman-Censits,jean_hoffman-censits_img.jpg
Noah M. Hahn,noah_hahn_img.jpg
Karen L. Smith,karen_smith_img.jpg
Julie R. Brahmer,julie_brahmer_img.jpg
William H. Matsui,william_matsui_img.jpg
Dan Laheru,dan_laheru_img.jpg
B. Douglas Smith,b_douglas_smith_img.jpg
Ana Maria Lopez,ana_lopez_img.jpg
David S. Ettinger,david_ettinger_img.jpg
Kenneth J. Cohen,kenneth_cohen_img.jpg
Thomas J. Smith,thomas_smith_img.jpg
Stephanie Gaillard,stephanie_gaillard_img.jpg
Norman G. Rosenblum,norman_rosenblum_img.jpg
Cesar Augusto Santa-Maria,cesar_santa-maria_img.jpg
Karen E. Knudsen,karen_knudsen_img.jpg
Jarushka Naidoo,jarushka_naidoo_img.jpg
Daniel M. Green,daniel_green_img.jpg
Amar J. Gajjar,amar_gajjar_img.jpg
Charles Roberts,charles_roberts_img.jpg
Gregory T. Armstrong,gregory_armstrong_img.jpg
Catherine Lam,catherine_lam_img.jpg
Daniel A. Mulrooney,daniel_mulrooney_img.jpg
Thomas E. Merchant,thomas_merchant_img.jpg
James Downing,james_downing_img.jpg
Jeffrey E Rubnitz,jeffrey_rubnitz_img.jpg
Alberto S. Pappo,alberto_pappo_img.jpg
Ching-Hon Pui,ching-hon_pui_img.jpg
Melissa M. Hudson,melissa_hudson_img.jpg
Clinton F. Stewart,clinton_stewart_img.jpg
Victor M. Santana,victor_santana_img.jpg
John T. Sandlund,john_sandlund_img.jpg
Raul Correa Ribeiro,raul_ribeiro_img.jpg
Leslie L. Robison,leslie_robison_img.jpg
Cesar Augusto Perez,cesar_perez_img.jpg
Craig H. Moskowitz,craig_moskowitz_img.jpg
Jonathan C. Trent,jonathan_trent_img.jpg
Alejandra T. Perez,alejandra_perez_img.jpg
Jorge Antunez de Mayolo,jorge_antunez_de_mayolo_img.jpg
Gina Z. D'Amato,gina_d_amato_img.jpg
Cristiane Takita,cristiane_takita_img.jpg
Reshma L. Mahtani,reshma_mahtani_img.jpg
Marilyn Huang,marilyn_huang_img.jpg
Michael S. Simon,michael_simon_img.jpg
Philip Agop Philip,philip_philip_img.jpg
Smit Singla,smit_singla_img.jpg
Gerold Bepler,gerold_bepler_img.jpg
Voravit Ratanatharathorn,voravit_ratanatharathorn_img.jpg
Joseph P. Uberti,joseph_uberti_img.jpg
Elisabeth I. Heath,elisabeth_heath_img.jpg
Ammar Sukari,ammar_sukari_img.jpg
Abhinav Deol,abhinav_deol_img.jpg
Sandeep Mittal,sandeep_mittal_img.jpg
Michael R. Grever,michael_grever_img.jpg
Erica Hlavin Bell,erica_bell_img.jpg
Bhuvaneswari Ramaswamy,bhuvaneswari_ramaswamy_img.jpg
Vinay K. Puduvalli,vinay_puduvalli_img.jpg
Joanne M. Jeter,joanne_jeter_img.jpg
Don M. Benson,don_benson_img.jpg
Robert A. Baiocchi,robert_baiocchi_img.jpg
Timothy M. Pawlik,timothy_pawlik_img.jpg
Jose G. Bazan,jose_bazan_img.jpg
Ritu Salani,ritu_salani_img.jpg
Navin Wadehra,navin_wadehra_img.jpg
Robert Wesolowski,robert_wesolowski_img.jpg
Maryam B. Lustberg,maryam_lustberg_img.jpg
Pierre Giglio,pierre_giglio_img.jpg
Mark S. Collins,mark_collins_img.jpg
Shirley S. Ong,shirley_ong_img.jpg
David Paul Carbone,david_carbone_img.jpg
Edmund Folefac,edmund_folefac_img.jpg
David A. Liebner,david_liebner_img.jpg
Sameek Roychowdhury,sameek_roychowdhury_img.jpg
Bhavana Konda,bhavana_konda_img.jpg
Steven K. Clinton,steven_clinton_img.jpg
Zihai Li,zihai_li_img.jpg
Gregory Alan Otterson,gregory_otterson_img.jpg
Mhd Yaser Al-Marrawi,mhd_al-marrawi_img.jpg
Claire F. Verschraegen,claire_verschraegen_img.jpg
John C. Byrd,john_byrd_img.jpg
Julia R. White,julia_white_img.jpg
Paul Monk,paul_monk_img.jpg
Basem M. William,basem_william_img.jpg
Ralph R. Weichselbaum,ralph_weichselbaum_img.jpg
Blase N. Polite,blase_polite_img.jpg
Andrzej J. Jakubowiak,andrzej_jakubowiak_img.jpg
Lucy A. Godley,lucy_godley_img.jpg
Frederick G. Behm,frederick_behm_img.jpg
Olatoyosi Odenike,olatoyosi_odenike_img.jpg
Susan Hong,susan_hong_img.jpg
Rita Nanda,rita_nanda_img.jpg
Nora T. Jaskowiak,nora_jaskowiak_img.jpg
Andrew R. Howard,andrew_howard_img.jpg
Sonali M. Smith,sonali_smith_img.jpg
Akash Patnaik,akash_patnaik_img.jpg
Daniel V.T. Catenacci,daniel_catenacci_img.jpg
Nita Karnik Lee,nita_lee_img.jpg
Muaiad Kittaneh,muaiad_kittaneh_img.jpg
Michael A. Warso,michael_warso_img.jpg
Robert L. Grossman,robert_grossman_img.jpg
Susan Lerner Cohn,susan_cohn_img.jpg
Philip C. Hoffman,philip_hoffman_img.jpg
Richard A. Larson,richard_larson_img.jpg
Elizabeth A. Blair,elizabeth_blair_img.jpg
Mark J. Ratain,mark_ratain_img.jpg
Everett E. Vokes,everett_vokes_img.jpg
Mitchell C. Posner,mitchell_posner_img.jpg
Mark Kozloff,mark_kozloff_img.jpg
Gini F. Fleming,gini_fleming_img.jpg
Michelle M. Le Beau,michelle_le_beau_img.jpg
Wendy Stock,wendy_stock_img.jpg
Walter Michael Stadler,walter_stadler_img.jpg
Mary Lou Schmidt,mary_schmidt_img.jpg
Hedy L. Kindler,hedy_kindler_img.jpg
Thomas Gajewski,thomas_gajewski_img.jpg
Abhishek A Solanki,abhishek_solanki_img.jpg
Carol J. Fabian,carol_fabian_img.jpg
Janakiraman Subramanian,janakiraman_subramanian_img.jpg
Ronald C. Chen,ronald_chen_img.jpg
Robert E. Pluenneke,robert_pluenneke_img.jpg
Manana Elia,manana_elia_img.jpg
Chao Hui Huang,chao_huang_img.jpg
Thomas W. Loew,thomas_loew_img.jpg
Weijing Sun,weijing_sun_img.jpg
Julia A. Chapman,julia_chapman_img.jpg
Terry Tsue,terry_tsue_img.jpg
Sarah A. Taylor,sarah_taylor_img.jpg
Anwaar Saeed,anwaar_saeed_img.jpg
Gary C. Doolittle,gary_doolittle_img.jpg
Stephen K. Williamson,stephen_williamson_img.jpg
Dineo Khabele,dineo_khabele_img.jpg
Abdulraheem Yacoub,abdulraheem_yacoub_img.jpg
Marshall R. Posner,marshall_posner_img.jpg
William K. Oh,william_oh_img.jpg
Steven J. Burakoff,steven_burakoff_img.jpg
Hearn J. Cho,hearn_cho_img.jpg
Amanda R. Kirane,amanda_kirane_img.jpg
Karen Kelly,karen_kelly_img.jpg
Tianhong Li,tianhong_li_img.jpg
Robert J. Canter,robert_canter_img.jpg
Adam Brufsky,adam_brufsky_img.jpg
Leisha A. Emens,leisha_emens_img.jpg
Hassane M. Zarour,hassane_zarour_img.jpg
Charles Reninger,charles_reninger_img.jpg
Dhaval R. Mehta,dhaval_mehta_img.jpg
Howard Silberman,smile_face_img.jpg
Parkash S. Gill,parkash_gill_img.jpg
Heinz-Josef Lenz,heinz-josef_lenz_img.jpg
Eric L. Chang,eric_chang_img.jpg
Amir Goldkorn,amir_goldkorn_img.jpg
Anthony B. El-Khoueiry,anthony_el-khoueiry_img.jpg
Breelyn A. Wilky,breelyn_wilky_img.jpg
Antonio Jimeno,antonio_jimeno_img.jpg
Carolyn Lefkowits,carolyn_lefkowits_img.jpg
Regina J. Brown,regina_brown_img.jpg
Tobias Neff,smile_face_img.jpg
Stephen Leong,stephen_leong_img.jpg
D. Ross Camidge,d_ross_camidge_img.jpg
John D. Mitchell,john_mitchell_img.jpg
Thomas J Pugh,thomas_pugh_img.jpg
Thomas W. Flaig,thomas_flaig_img.jpg
Lia Gore,lia_gore_img.jpg
Anthony D. Elias,anthony_elias_img.jpg
David Raben,david_raben_img.jpg
Todd Pitts,todd_pitts_img.jpg
Victor Manuel Villalobos,victor_villalobos_img.jpg
Jose Ignacio Mayordomo,jose_mayordomo_img.jpg
Elizabeth R Kessler,elizabeth_kessler_img.jpg
Virginia F. Borges,virginia_borges_img.jpg
Cathy J Bradley,cathy_bradley_img.jpg
Martin McCarter,martin_mccarter_img.jpg
Richard D. Schulick,richard_schulick_img.jpg
Wells A. Messersmith,wells_messersmith_img.jpg
William T. Purcell,smile_face_img.jpg
Tracey E. Schefter,tracey_schefter_img.jpg
Ann L. Mellott,ann_mellott_img.jpg
Yasutaka Takinishi,smile_face_img.jpg
Randall F. Holcombe,randall_holcombe_img.jpg
Michael Carney,michael_carney_img.jpg
Arif Hussain,arif_hussain_img.jpg
Aaron Rapoport,aaron_rapoport_img.jpg
Kevin J. Cullen,kevin_cullen_img.jpg
Ranee Mehra,ranee_mehra_img.jpg
Anne F. Schott,anne_schott_img.jpg
Shirish M. Gadgeel,shirish_gadgeel_img.jpg
Norah Lynn Henry,norah_henry_img.jpg
Craig L. Slingluff,craig_slingluff_img.jpg
Steven R. Grossman,steven_grossman_img.jpg
Linda R. Duska,smile_face_img.jpg
Sobha Kurian,sobha_kurian_img.jpg
Edward B. Perkins,edward_perkins_img.jpg
Camilo E. Fadul,smile_face_img.jpg
Christiana Brenin,christiana_brenin_img.jpg
Shiyu Song,shiyu_song_img.jpg
Tamila L. Kindwall-Keller,tamila_kindwall-keller_img.jpg
Virginia G. Kaklamani,virginia_kaklamani_img.jpg
Robert Winn,robert_winn_img.jpg
Sarah Madhu Temkin,sarah_temkin_img.jpg
Egidio Del Fabbro,egidio_fabbro_img.jpg
Gina R. Petroni,gina_petroni_img.jpg
Ryan D. Gentzler,ryan_gentzler_img.jpg
Steven Grant,steven_grant_img.jpg
Thomas F. Hogan,thomas_hogan_img.jpg
Michael E. Williams,michael_williams_img.jpg
Jennifer Elston Lafata,smile_face_img.jpg
Erin R. Alesi,erin_alesi_img.jpg
Steven Jubelirer,steven_jubelirer_img.jpg
David Schiff,david_schiff_img.jpg
Karen K. Ballen,karen_ballen_img.jpg
Mary Helen Hackney,mary_hackney_img.jpg
Christos Kyriakopoulos,christos_kyriakopoulos_img.jpg
Anne M. Traynor,anne_traynor_img.jpg
Daniel Mulkerin,daniel_mulkerin_img.jpg
Glenn Liu,glenn_liu_img.jpg
Amy L. Stella,amy_stella_img.jpg
Michael N. Neuss,michael_neuss_img.jpg
Kenneth Wyman,kenneth_wyman_img.jpg
Jordan Berlin,jordan_berlin_img.jpg
Cathy Eng,cathy_eng_img.jpg
Christopher Y. Thomas,christopher_thomas_img.jpg
Stefan C. Grant,stefan_grant_img.jpg
Susan Anitra Melin,susan_melin_img.jpg
Bernard Chinnasami,bernard_chinnasami_img.jpg
Heidi D. Klepin,heidi_klepin_img.jpg
Timothy S. Pardee,timothy_pardee_img.jpg
Karen Marie Winkfield,karen_winkfield_img.jpg
Jimmy Ruiz,jimmy_ruiz_img.jpg
Sheryl G. A. Gabram,sheryl_gabram_img.jpg
Dong Moon Shin,dong_shin_img.jpg
Kenneth Cardona,kenneth_cardona_img.jpg
Mehmet Asim Bilen,mehmet_bilen_img.jpg
Fadlo Raja Khuri,fadlo_khuri_img.jpg
Joan L. Kramer,joan_kramer_img.jpg
Nabil F. Saba,nabil_saba_img.jpg
Rebecca B. Klisovic,rebecca_klisovic_img.jpg
Craig C. Hofmeister,craig_hofmeister_img.jpg
Keerthi Gogineni,keerthi_gogineni_img.jpg
Vincent T. DeVita,vincent_devita_img.jpg
Nita Ahuja,nita_ahuja_img.jpg
Lajos Pusztai,lajos_pusztai_img.jpg
Michael DiGiovanna,michael_digiovanna_img.jpg
Gina G. Chung,smile_face_img.jpg
Harriet M. Kluger,harriet_kluger_img.jpg
John W. Colberg,john_colberg_img.jpg
Frank C. Detterbeck,frank_detterbeck_img.jpg
Jeremy S. Kortmansky,jeremy_kortmansky_img.jpg
Anees B. Chagpar,anees_chagpar_img.jpg
Roy S. Herbst,roy_herbst_img.jpg
Scott N. Gettinger,scott_gettinger_img.jpg
Anne C. Chiang,anne_chiang_img.jpg
Roy H. Decker,roy_decker_img.jpg
Gloria S. Huang,gloria_huang_img.jpg
Michael E. Hurwitz,michael_hurwitz_img.jpg
Neal A. Fischbach,neal_fischbach_img.jpg
Kerin B. Adelson,kerin_adelson_img.jpg
James B. Yu,james_yu_img.jpg
Mary-Jane Staba Hogan,mary-jane_hogan_img.jpg
Charles S. Fuchs,charles_fuchs_img.jpg
Joseph W. Kim,joseph_kim_img.jpg
Terri L. Parker,terri_parker_img.jpg
Sarah Schellhorn Mougalian,sarah_mougalian_img.jpg
Joseph Paul Eder,joseph_eder_img.jpg
Cary Philip Gross,cary_gross_img.jpg
Francine M. Foss,francine_foss_img.jpg
Mario Sznol,mario_sznol_img.jpg
Aarti K. Bhatia,aarti_bhatia_img.jpg
Steven Gore,steven_gore_img.jpg
Ranjit Bindra,ranjit_bindra_img.jpg
Andrea Silber,andrea_silber_img.jpg
Patricia LoRusso,patricia_lorusso_img.jpg
Daniel Peter Petrylak,daniel_petrylak_img.jpg
Lynn D. Wilson,lynn_wilson_img.jpg
Barbara Burtness,barbara_burtness_img.jpg
Jill Lacy,jill_lacy_img.jpg
Rogerio Lilenbaum,rogerio_lilenbaum_img.jpg
Wajih  Kidwai,wajih_kidwai_img.jpg
Kevin Kim,kevin_kim_img.jpg
Mario A. Eisenberger,mario_eisenberger_img.jpg
Samer Abushullaih,samer_abushullaih_img.jpg
Kala Visvanathan,kala_visvanathan_img.jpg
Julie R. Lange,julie_lange_img.jpg
Lisa K. Jacobs,lisa_jacobs_img.jpg
Mary Y. Armanios,mary_armanios_img.jpg
Luis A. Diaz,luis_diaz_img.jpg
Jun Luo,jun_luo_img.jpg
Christina Tsien,christina_tsien_img.jpg
Ilene S. Browner,ilene_browner_img.jpg
Jonathan Metts,smile_face_img.jpg
Vered Stearns,vered_stearns_img.jpg
Tanguy Y. Seiwert,tanguy_seiwert_img.jpg
Samuel R. Denmeade,samuel_denmeade_img.jpg
Trinity Bivalacqua,trinity_bivalacqua_img.jpg
Jaishri O'Neill Blakeley,jaishri_blakeley_img.jpg
Nina D. Wagner-Johnston,nina_wagner-johnston_img.jpg
Phuoc T. Tran,phuoc_tran_img.jpg
Evan J. Lipson,evan_lipson_img.jpg
David Euhus,david_euhus_img.jpg
Lode J. Swinnen,lode_swinnen_img.jpg
Ross C. Donehower,ross_donehower_img.jpg
Curtiland Deville,curtiland_deville_img.jpg
John H. Fetting,john_fetting_img.jpg
James Stuart Ferriss,james_ferriss_img.jpg
Alex Yuang-Chi Chan,smile_face_img.jpg
Eric J. Seifter,eric_seifter_img.jpg
Otis W. Brawley,otis_brawley_img.jpg
Kenneth J. Pienta,kenneth_pienta_img.jpg
Drew M. Pardoll,drew_pardoll_img.jpg
Henry Brem,henry_brem_img.jpg
Elizabeth M. Jaffee,elizabeth_jaffee_img.jpg
Ivan Borrello,ivan_borrello_img.jpg
Raquel Nunes,raquel_nunes_img.jpg
George Thomas Budd,george_budd_img.jpg
Mohamad Masri,mohamad_masri_img.jpg
Haider Mahdi,haider_mahdi_img.jpg
Thomas A. Samuel,thomas_samuel_img.jpg
Bassam N. Estfan,bassam_estfan_img.jpg
Hetty E Carraway,hetty_carraway_img.jpg
Timothy D. Gilligan,timothy_gilligan_img.jpg
Robert M. Dean,robert_dean_img.jpg
Jorge A. Garcia,smile_face_img.jpg
Seth Corey,seth_corey_img.jpg
Arun Nagarajan,arun_nagarajan_img.jpg
Zeina A. Nahleh,zeina_nahleh_img.jpg
Stephen R. Grobmyer,stephen_grobmyer_img.jpg
Alberto J. Montero,alberto_montero_img.jpg
Gregory M.M. Videtic,gregory_videtic_img.jpg
Seema A. Misbah,seema_misbah_img.jpg
Paul A. Masci,paul_masci_img.jpg
Nima Sharifi,nima_sharifi_img.jpg
Navneet S. Majhail,navneet_majhail_img.jpg
Marc A. Shapiro,marc_shapiro_img.jpg
Nathan A. Pennell,nathan_pennell_img.jpg
Jay P. Ciezki,jay_ciezki_img.jpg
Cassann N. Blake,cassann_blake_img.jpg
Manmeet Singh Ahluwalia,manmeet_ahluwalia_img.jpg
Mikkael A. Sekeres,mikkael_sekeres_img.jpg
Charis Eng,charis_eng_img.jpg
Susan B. LeGrand,susan_legrand_img.jpg
Sonia Sandhu,sonia_sandhu_img.jpg
Kenneth S. Weiss,kenneth_weiss_img.jpg
Brad L. Pohlman,brad_pohlman_img.jpg
Matt E. Kalaycio,matt_kalaycio_img.jpg
James Stevenson,james_stevenson_img.jpg
Anjali S. Advani,anjali_advani_img.jpg
Michael J. McNamara,michael_mcnamara_img.jpg
David M. Peereboom,david_peereboom_img.jpg
Ronald M. Sobecks,ronald_sobecks_img.jpg
Nausheen Ahmed,smile_face_img.jpg
Jame Abraham,jame_abraham_img.jpg
Saurabh Das,saurabh_das_img.jpg
Smitha S. Krishnamurthi,smitha_krishnamurthi_img.jpg
Alok A. Khorana,alok_khorana_img.jpg
Rafael Arteta-Bulos,rafael_arteta-bulos_img.jpg
Constance Dobbins Lehman,smile_face_img.jpg
Alice Y. Ho,smile_face_img.jpg
Therese Marie Mulvey,therese_mulvey_img.jpg
Isabel Arrillaga,isabel_arrillaga_img.jpg
M Dror Michaelson,m_michaelson_img.jpg
Keith Flaherty,keith_flaherty_img.jpg
Theodore S. Hong,theodore_hong_img.jpg
Sara I. Pai,sara_pai_img.jpg
Jill N. Allen,jill_allen_img.jpg
Lecia V. Sequist,lecia_sequist_img.jpg
Rebecca Suk Heist,rebecca_heist_img.jpg
Jeffrey M. Peppercorn,jeffrey_peppercorn_img.jpg
Edwin Choy,edwin_choy_img.jpg
Steven J. Isakoff,steven_isakoff_img.jpg
Michael Lanuti,michael_lanuti_img.jpg
Donald P. Lawrence,donald_lawrence_img.jpg
Richard J. Lee,richard_lee_img.jpg
Colin D. Weekes,colin_weekes_img.jpg
Amy H. Comander,amy_comander_img.jpg
Cocav A. Rauwerdink,smile_face_img.jpg
Aditya Bardia,aditya_bardia_img.jpg
Jorg Dietrich,jorg_dietrich_img.jpg
John O. Schorge,john_schorge_img.jpg
Ewa Niemierko,ewa_niemierko_img.jpg
David R. Spriggs,david_spriggs_img.jpg
Gabriela Hobbs,gabriela_hobbs_img.jpg
Thomas F. DeLaney,thomas_delaney_img.jpg
Kevin S. Hughes,kevin_hughes_img.jpg
Irene Kuter,irene_kuter_img.jpg
Eddy J. Chen,eddy_chen_img.jpg
Paul E. Goss,paul_goss_img.jpg
Samuel J Klempner,samuel_klempner_img.jpg
Jay Steven Loeffler,jay_loeffler_img.jpg
David T. Scadden,david_scadden_img.jpg
Anna F. Farago,anna_farago_img.jpg
Kenneth Tanabe,kenneth_tanabe_img.jpg
Frederick G. Barker,frederick_barker_img.jpg
Rupa Narayan,rupa_narayan_img.jpg
Sridhar Ramaswamy,sridhar_ramaswamy_img.jpg
Annekathryn Goodman,annekathryn_goodman_img.jpg
David P. Ryan,david_ryan_img.jpg
Umar Mahmood,umar_mahmood_img.jpg
Matthew Raymond Smith,matthew_smith_img.jpg
Dimitrios Spentzos,dimitrios_spentzos_img.jpg
Richard T. Penson,richard_penson_img.jpg
Andrew X. Zhu,andrew_zhu_img.jpg
Beverly Moy,beverly_moy_img.jpg
Katherine A. Harris,katherine_harris_img.jpg
Eric Roeland,eric_roeland_img.jpg